name,value
lat,4.430111111
long,-75.14841667
elev,928
