name,value
lat,8.839527778
long,-75.80188889
elev,0
