name,value
lat,9.301722222
long,-75.91327778
elev,20
